 x_m, y_m, w_tr_right_m, w_tr_left_m
0,0,1.1,1.1
0.007371288264414,-0.36408446776347,1.1,1.1
0.014754672673035,-0.728169081263619,1.1,1.1
0.02214906020078,-1.0922537676321,1.1,1.1
0.029553503559257,-1.45633859973727,1.1,1.1
0.036966982591712,-1.82042350471077,1.1,1.1
0.044388477141424,-2.18450840968427,1.1,1.1
0.051816967051631,-2.54859338752611,1.1,1.1
0.059251432165614,-2.91267821963127,1.1,1.1
0.066690925194952,-3.27676305173643,1.1,1.1
0.074134353114576,-3.64084773810492,1.1,1.1
0.081580768636088,-4.00493227873672,1.1,1.1
0.089029151602739,-4.36901660076352,1.1,1.1
0.096478481857789,-4.73310077705364,1.1,1.1
0.103927739244503,-5.09718466187039,1.1,1.1
0.111375976474476,-5.4612682552138,1.1,1.1
0.118822100522631,-5.82535155708385,1.1,1.1
0.12626509123222,-6.18943449461221,1.1,1.1
0.133704074183195,-6.55351706779888,1.1,1.1
0.141137883482121,-6.91759913090717,1.1,1.1
0.148565571840608,-7.28168082967378,1.1,1.1
0.155986119101915,-7.64576201836201,1.1,1.1
0.1633985051093,-8.00984262410353,1.1,1.1
0.170801782574351,-8.37392271976668,1.1,1.1
0.178194931340348,-8.73800223248313,1.1,1.1
0.185576858382193,-9.10208101651619,1.1,1.1
0.192946616411495,-9.46615921760255,1.1,1.1
0.200303185271505,-9.83023669000551,1.1,1.1
0.207645544805498,-10.1943134337251,1.1,1.1
0.214972747725052,-10.5583894487613,1.1,1.1
0.222283701005106,-10.9224645893774,1.1,1.1
0.229577384488911,-11.2865389284418,1.1,1.1
0.236852850888063,-11.6506123930861,1.1,1.1
0.244109080045826,-12.0146849104421,1.1,1.1
0.25134505180546,-12.378756553378,1.1,1.1
0.258559746010216,-12.7428271761571,1.1,1.1
0.265752142503369,-13.1068967787795,1.1,1.1
0.272921293996504,-13.4709652883768,1.1,1.1
0.280066107464547,-13.8350327778174,1.1,1.1
0.287185635619097,-14.1990991742329,1.1,1.1
0.294278858303414,-14.5631643318866,1.1,1.1
0.301344682492415,-14.9272283236469,1.1,1.1
0.308382233766036,-15.2912911495139,1.1,1.1
0.315390419099208,-15.6553526637507,1.1,1.1
0.322368291203518,-16.0194129392257,1.1,1.1
0.329314684185554,-16.3834718302023,1.1,1.1
0.336228796493589,-16.7475294095489,1.1,1.1
0.343109462234211,-17.1115855315286,1.1,1.1
0.34995580698735,-17.4756402690099,1.1,1.1
0.356766664859592,-17.8396935491245,1.1,1.1
0.36354116143087,-18.2037452990039,1.1,1.1
0.370289862610285,-18.5677950814382,1.1,1.1
0.377209002833683,-18.9318342250951,1.1,1.1
0.384642302054246,-19.2958480834384,1.1,1.1
0.392937925193799,-19.6598214998539,1.1,1.1
0.402443891437488,-20.023739536332,1.1,1.1
0.413508219970474,-20.387587181995,1.1,1.1
0.426478929977903,-20.7513494259652,1.1,1.1
0.441704040644936,-21.1150111844965,1.1,1.1
0.459531716893398,-21.478557446711,1.1,1.1
0.480309832171755,-21.8419732745995,1.1,1.1
0.504386551401855,-22.2052436572841,1.1,1.1
0.532109820900494,-22.5683534381505,1.1,1.1
0.563827732721175,-22.9312877520575,1.1,1.1
0.599883423870361,-23.2940178160114,1.1,1.1
0.640581629740079,-23.6564075119557,1.1,1.1
0.686209160111046,-24.0182705155487,1.1,1.1
0.737052751895666,-24.37941999237,1.1,1.1
0.793399069137983,-24.7396691079996,1.1,1.1
0.855534703013708,-25.0988312466223,1.1,1.1
0.923746390435236,-25.4567195009496,1.1,1.1
0.99832079544662,-25.8131472551664,1.1,1.1
1.07954465496024,-26.1679276748524,1.1,1.1
1.16770456015182,-26.5208739255876,1.1,1.1
1.26308717506541,-26.8717993915567,1.1,1.1
1.36597923661339,-27.2205171654712,1.1,1.1
1.47666507705298,-27.5668399028327,1.1,1.1
1.59532723157239,-27.9105484885468,1.1,1.1
1.72200891109638,-28.2513807423315,1.1,1.1
1.85674348932405,-28.5890713505657,1.1,1.1
1.99956412134946,-28.9233550724971,1.1,1.1
2.150504035135,-29.2539665216363,1.1,1.1
2.30959645864309,-29.580640457231,1.1,1.1
2.47679278869186,-29.9031790417419,1.1,1.1
2.65169662151935,-30.2216708830686,1.1,1.1
2.83381879196853,-30.536280809393,1.1,1.1
3.02267049922408,-30.8471738675022,1.1,1.1
3.2177626509973,-31.1545147398413,1.1,1.1
3.41860637360454,-31.4584684731973,1.1,1.1
3.62472700268816,-31.7591888197645,1.1,1.1
3.83588327117905,-32.0566512957814,1.1,1.1
4.05202446271355,-32.3506856079405,1.1,1.1
4.27310547179006,-32.6411173094392,1.1,1.1
4.49908112003867,-32.9277718077382,1.1,1.1
4.72990615622109,-33.2104748017717,1.1,1.1
4.96553554770406,-33.4890516261319,1.1,1.1
5.20592404324931,-33.7633279068847,1.1,1.1
5.45102653735527,-34.0331290514907,1.1,1.1
5.70079777878365,-34.2982806860156,1.1,1.1
5.95519266203285,-34.5586082179203,1.1,1.1
6.2141660816013,-34.8139372732703,1.1,1.1
6.47767271338238,-35.0640934052632,1.1,1.1
6.74566074798734,-35.3089525919866,1.1,1.1
7.01806227212461,-35.5485106070768,1.1,1.1
7.29480725932079,-35.7827809311765,1.1,1.1
7.57582531876081,-36.0117770449285,1.1,1.1
7.86104635110291,-36.2355124289751,1.1,1.1
8.15040011126871,-36.4540003453542,1.1,1.1
8.44381642704812,-36.6672543475767,1.1,1.1
8.74122512623106,-36.8752879162853,1.1,1.1
9.04255596373913,-37.0781144592542,1.1,1.1
9.34773869449393,-37.2757473842577,1.1,1.1
9.65670329202206,-37.4682000990702,1.1,1.1
9.96937936550842,-37.6554861572025,1.1,1.1
10.2856963784013,-37.8376156144856,1.1,1.1
10.6055605491488,-38.0144474706841,1.1,1.1
10.9288462527353,-38.185630281801,1.1,1.1
11.2554256052265,-38.3507969371464,1.1,1.1
11.5851705040831,-38.5095802531621,1.1,1.1
11.9179529925027,-38.661613264895,1.1,1.1
12.2536450408141,-38.8065287887868,1.1,1.1
12.5921186193466,-38.9439597141477,1.1,1.1
12.9332458441659,-39.0735390031561,1.1,1.1
13.276898685601,-39.1948995451222,1.1,1.1
13.6229490411128,-39.3076743022244,1.1,1.1
13.9712690267669,-39.4114960180363,1.1,1.1
14.3217306128925,-39.5059978004728,1.1,1.1
14.6742013248499,-39.5909463979823,1.1,1.1
15.0285291592849,-39.6666931816935,1.1,1.1
15.3845570849278,-39.7337488857914,1.1,1.1
15.7421277061672,-39.7926240987249,1.1,1.1
16.1010838459966,-39.8438296275473,1.1,1.1
16.4612682545416,-39.8878760607073,1.1,1.1
16.8225236819273,-39.9252740595219,1.1,1.1
17.1846930240156,-39.9565343581761,1.1,1.1
17.5476188851954,-39.9821676179871,1.1,1.1
17.9111441613284,-40.0026845002716,1.1,1.1
18.2751116025401,-40.0185957392148,1.1,1.1
18.6393638860874,-40.0304119232655,1.1,1.1
19.0037439807005,-40.0386436408721,1.1,1.1
19.3681351513012,-40.0437438416274,1.1,1.1
19.7325191079363,-40.0460256407823,1.1,1.1
20.0968920614523,-40.0457808760329,1.1,1.1
20.4612505141689,-40.0433016765487,1.1,1.1
20.8255907498008,-40.0388799528942,1.1,1.1
21.1899092706679,-40.0328078342387,1.1,1.1
21.5542023604848,-40.0253772311466,1.1,1.1
21.9184663758345,-40.0168801999192,1.1,1.1
22.2826977461686,-40.0076087968574,1.1,1.1
22.6468928280701,-39.9978549325258,1.1,1.1
23.011047978122,-39.9879107360938,1.1,1.1
23.3751596257758,-39.9780680452574,1.1,1.1
23.7392247834295,-39.9685953798445,1.1,1.1
24.1032461472118,-39.9595653895885,1.1,1.1
24.4672293279846,-39.9509539550695,1.1,1.1
24.8311797908734,-39.9427363739206,1.1,1.1
25.1951031467402,-39.9348880895117,1.1,1.1
25.5590049335788,-39.9273843994761,1.1,1.1
25.9228906893829,-39.9202005285785,1.1,1.1
26.2867659521462,-39.9133118473207,1.1,1.1
26.6506362598626,-39.9066936533357,1.1,1.1
27.0145072233939,-39.9003212442568,1.1,1.1
27.3783843078658,-39.8941699177172,1.1,1.1
27.7422731970084,-39.8882151170868,1.1,1.1
28.1061792102107,-39.8824319942622,1.1,1.1
28.4701081040712,-39.8767959197449,1.1,1.1
28.8340653437155,-39.8712822640364,1.1,1.1
29.1980565400056,-39.8658662519016,1.1,1.1
29.5620871580668,-39.8605232538421,1.1,1.1
29.926162735893,-39.8552286403595,1.1,1.1
30.2902888843461,-39.8499575633502,1.1,1.1
30.65447114142,-39.8446854661842,1.1,1.1
31.0187150451083,-39.8393875736263,1.1,1.1
31.3830261334048,-39.8340393290464,1.1,1.1
31.7474100171716,-39.8286158843411,1.1,1.1
32.111872161534,-39.8230926828802,1.1,1.1
32.4764181044859,-39.8174449494287,1.1,1.1
32.8410509793656,-39.8116313676386,1.1,1.1
33.2057283768003,-39.8053141927603,1.1,1.1
33.5703693400656,-39.7979010780696,1.1,1.1
33.9348914550707,-39.7887916613246,1.1,1.1
34.2992124534613,-39.7773853616785,1.1,1.1
34.6632499940147,-39.7630816711531,1.1,1.1
35.02692166264,-39.7452802275065,1.1,1.1
35.3901452638513,-39.7233804498921,1.1,1.1
35.7528382378208,-39.6967818303314,1.1,1.1
36.1149184619311,-39.664883860846,1.1,1.1
36.4763034492228,-39.6270861063259,1.1,1.1
36.83691100421,-39.5827881316611,1.1,1.1
37.196658567065,-39.531389647478,1.1,1.1
37.5554369081483,-39.4724533708768,1.1,1.1
37.9130687387921,-39.4059532878607,1.1,1.1
38.2693659129461,-39.3319278729123,1.1,1.1
38.6241406489018,-39.2504152361728,1.1,1.1
38.9772048006088,-39.1614537063883,1.1,1.1
39.3283705134902,-39.0650816851732,1.1,1.1
39.6774497143642,-38.961337355537,1.1,1.1
40.0242544757855,-38.8502590462257,1.1,1.1
40.3685968703088,-38.7318850131171,1.1,1.1
40.7102888247522,-38.6062535849573,1.1,1.1
41.0491424116705,-38.4734030176242,1.1,1.1
41.3849696307501,-38.3333716398637,1.1,1.1
41.7175915902197,-38.1862049943875,1.1,1.1
42.0469067844836,-38.0320111449418,1.1,1.1
42.3728534211907,-37.870930071605,1.1,1.1
42.6953699994633,-37.7031020459289,1.1,1.1
43.0143950184235,-37.528667266597,1.1,1.1
43.3298669043253,-37.347766005161,1.1,1.1
43.6417241562908,-37.1605385331729,1.1,1.1
43.9499052734423,-36.9671249764476,1.1,1.1
44.254348754902,-36.7676657522738,1.1,1.1
44.5549930269238,-36.5623009864665,1.1,1.1
44.8517766614983,-36.3511709505775,1.1,1.1
45.1446380848792,-36.1344158432902,1.1,1.1
45.4335157961889,-35.912176009025,1.1,1.1
45.7183482945496,-35.6845916464651,1.1,1.1
45.9990740062152,-35.4518028814258,1.1,1.1
46.2756315031761,-35.2139501311955,1.1,1.1
46.5479592116864,-34.9711735944576,1.1,1.1
46.8159956308682,-34.7236133970273,1.1,1.1
47.0796792598437,-34.4714098833248,1.1,1.1
47.3389485248669,-34.2147033249019,1.1,1.1
47.5937419979282,-33.953633920442,1.1,1.1
47.8439981052817,-33.6883418686285,1.1,1.1
48.0896553460494,-33.4189674410134,1.1,1.1
48.3306521464853,-33.1456509091483,1.1,1.1
48.5669271514482,-32.8685325445851,1.1,1.1
48.7984144879602,-32.5877473723553,1.1,1.1
49.0249715526825,-32.303335907255,1.1,1.1
49.2463873189065,-32.0152547926229,1.1,1.1
49.4624484281369,-31.7234577570638,1.1,1.1
49.6729417404832,-31.4278986749196,1.1,1.1
49.87765389745,-31.1285312747951,1.1,1.1
50.0763715405419,-30.8253092852953,1.1,1.1
50.2688815298686,-30.5181866536303,1.1,1.1
50.4549704340661,-30.207117108405,1.1,1.1
50.6344251132441,-29.8920543782245,1.1,1.1
50.807032136039,-29.5729523374304,1.1,1.1
50.9725782896918,-29.2497647146277,1.1,1.1
51.1308502885756,-28.9224453112896,1.1,1.1
51.281672447126,-28.5909808653787,1.1,1.1
51.4252015780076,-28.255649442475,1.1,1.1
51.5617676290576,-27.9168807471712,1.1,1.1
51.6917020783484,-27.5751058685584,1.1,1.1
51.8153364039521,-27.2307558228595,1.1,1.1
51.9330020839412,-26.8842616991657,1.1,1.1
52.0450236010273,-26.5360517447029,1.1,1.1
52.1513315116838,-26.1863941878254,1.1,1.1
52.2512635884495,-25.8353163541603,1.1,1.1
52.3441084906031,-25.4828256034097,1.1,1.1
52.4291548774229,-25.1289293681443,1.1,1.1
52.5056913353195,-24.7736351538028,1.1,1.1
52.5730141018784,-24.4169510487708,1.1,1.1
52.6308440913629,-24.0589298825939,1.1,1.1
52.6795436051526,-23.699691742294,1.1,1.1
52.7195284299874,-23.3393622528869,1.1,1.1
52.7512143526075,-22.9780672579934,1.1,1.1
52.7750170140161,-22.6159323097608,1.1,1.1
52.7913522009534,-22.2530831789416,1.1,1.1
52.800751415081,-21.8896432316331,1.1,1.1
52.804298427199,-21.5257246850766,1.1,1.1
52.8032414719476,-21.1614364774384,1.1,1.1
52.798829002572,-20.7968874740164,1.1,1.1
52.7923092537125,-20.432186685845,1.1,1.1
52.7849305328776,-20.0674430510906,1.1,1.1
52.7779055878265,-19.7027623017124,1.1,1.1
52.7717610380425,-19.3381904905003,1.1,1.1
52.7664057252337,-18.9737197476739,1.1,1.1
52.7617261205289,-18.6093403088758,1.1,1.1
52.757608840793,-18.2450421911436,1.1,1.1
52.7539402842861,-17.8808157758565,1.1,1.1
52.7506069950052,-17.5166511529206,1.1,1.1
52.7474956626837,-17.1525385579784,1.1,1.1
52.74449275845,-16.788468080936,1.1,1.1
52.7414847534326,-16.4244300303042,1.1,1.1
52.7383582644967,-16.0604145688574,1.1,1.1
52.7349997627706,-15.6964117865015,1.1,1.1
52.7312959379879,-15.3324119917474,1.1,1.1
52.7271654690827,-14.9684076791564,1.1,1.1
52.7226129467604,-14.6043981929134,1.1,1.1
52.7176571710522,-14.240383678755,1.1,1.1
52.7123169419896,-13.8763643552862,1.1,1.1
52.7066111324722,-13.5123404411121,1.1,1.1
52.7005584696631,-13.1483123005744,1.1,1.1
52.6941777535936,-12.7842800065414,1.1,1.1
52.6874877842951,-12.4202439233547,1.1,1.1
52.6805074346673,-12.0562041967511,1.1,1.1
52.6732553590048,-11.6921611910723,1.1,1.1
52.6657505759441,-11.328115052055,1.1,1.1
52.6580116669114,-10.9640659983041,1.1,1.1
52.6500575776749,-10.600014321293,1.1,1.1
52.6419071082658,-10.2359602396267,1.1,1.1
52.6335789858473,-9.87190397191026,1.1,1.1
52.6250920104506,-9.50784588248536,1.1,1.1
52.6164649821071,-9.14378604422034,1.1,1.1
52.6077168465848,-8.77972474858854,1.1,1.1
52.5988661853101,-8.41566221419499,1.1,1.1
52.5899320169195,-8.05159880538137,1.1,1.1
52.5809329228391,-7.68753459501603,1.1,1.1
52.5718879217054,-7.32346994744067,1.1,1.1
52.562815667813,-6.95940500839194,1.1,1.1
52.5537349611934,-6.59534014221156,1.1,1.1
52.5446646747462,-6.23127542176785,1.1,1.1
52.5356210581109,-5.86721113853417,1.1,1.1
52.5266073903628,-5.50314736537886,1.1,1.1
52.5176232342918,-5.13908402943358,1.1,1.1
52.5086680069512,-4.77502120356668,1.1,1.1
52.4997411253944,-4.41095881490981,1.1,1.1
52.4908422252796,-4.04689679059462,1.1,1.1
52.4819705779234,-3.68283527635781,1.1,1.1
52.4731257461158,-3.31877419933104,1.1,1.1
52.4643072197785,-2.95471348664595,1.1,1.1
52.4555143430963,-2.59065313830256,1.1,1.1
52.4467467517277,-2.2265932271692,1.1,1.1
52.4380037169891,-1.86253368037753,1.1,1.1
52.4292848016707,-1.49847457079589,1.1,1.1
52.4205894956939,-1.13441575268761,1.1,1.1
52.4119172161121,-0.770357298921024,1.1,1.1
52.4032673799786,-0.406299282364465,1.1,1.1
52.3946395500834,-0.04224148441292,1.1,1.1
52.3860332163481,0.321815949196926,1.1,1.1
52.3774476500892,0.685873018465087,1.1,1.1
52.3688824869652,1.04992979625988,1.1,1.1
52.3603371440293,1.41398628258133,1.1,1.1
52.3518110383347,1.77804247742943,1.1,1.1
52.3433037326715,2.14209845367251,1.1,1.1
52.3348145712247,2.50615406557389,1.1,1.1
52.3263431167841,2.87020945887025,1.1,1.1
52.3178887864031,3.23426456069327,1.1,1.1
52.3094510700033,3.59831944391127,1.1,1.1
52.3010293117696,3.96237410852425,1.1,1.1
52.2926231473604,4.32642855453222,1.1,1.1
52.2842319938289,4.69048270906683,1.1,1.1
52.2758551953602,5.05453671786476,1.1,1.1
52.2674923147441,5.41859050805768,1.1,1.1
52.2591428419023,5.78264415251392,1.1,1.1
52.2508061938881,6.14669757836515,1.1,1.1
52.2424818606232,6.5107508584797,1.1,1.1
52.2341692591607,6.87480391998923,1.1,1.1
52.2258678065541,7.23885683576209,1.1,1.1
52.2175771384616,7.60290967866661,1.1,1.1
52.2092965990681,7.9669623029661,1.1,1.1
52.201025605427,8.33101485439727,1.1,1.1
52.1927637203282,8.69506733296009,1.1,1.1
52.1845103608251,9.0591195929179,1.1,1.1
52.1762650168392,9.42317185287571,1.1,1.1
52.1680271782921,9.78722396709684,1.1,1.1
52.1597961893689,10.1512760084496,1.1,1.1
52.1515716128595,10.5153280498024,1.1,1.1
52.1433528658172,10.8793799454185,1.1,1.1
52.1351394381636,11.2434318410347,1.1,1.1
52.126930746952,11.6074836637824,1.1,1.1
52.1187263549723,11.9715354865302,1.1,1.1
52.1105256064096,12.3355872364096,1.1,1.1
52.1023280640539,12.6996390591574,1.1,1.1
52.0941331449582,13.0636908090369,1.1,1.1
52.0859403390445,13.4277425589163,1.1,1.1
52.0777489904974,13.7917943816641,1.1,1.1
52.0695587349755,14.1558461315435,1.1,1.1
52.0613689166636,14.5198980271596,1.1,1.1
52.0531790983517,14.8839499227757,1.1,1.1
52.0449886242248,15.2480018183919,1.1,1.1
52.0367970570727,15.6120537868763,1.1,1.1
52.0286037410806,15.9761059010975,1.1,1.1
52.0204083119066,16.3401580153186,1.1,1.1
52.0122100408674,16.7042102752764,1.1,1.1
52.0040085636214,17.0682626081025,1.1,1.1
51.9958032243533,17.432315013797,1.1,1.1
51.9875935858533,17.7963675652282,1.1,1.1
51.9793789923063,18.160420262396,1.1,1.1
51.9711590065022,18.5244731053005,1.1,1.1
51.9629330454944,18.8885260210734,1.1,1.1
51.954700526336,19.2525791554513,1.1,1.1
51.9464610118172,19.6166324355658,1.1,1.1
51.9382139189912,19.980685861417,1.1,1.1
51.9299586649112,20.3447395058733,1.1,1.1
51.9216948123673,20.7087932960662,1.1,1.1
51.9134217055444,21.0728473048641,1.1,1.1
51.9051389072324,21.4369015322671,1.1,1.1
51.896845907353,21.8009559782751,1.1,1.1
51.8885420500912,22.165010642888,1.1,1.1
51.8802268253686,22.5290655989744,1.1,1.1
51.8718997231068,22.8931207007974,1.1,1.1
51.8635602332274,23.2571761669621,1.1,1.1
51.8552077727837,23.6212318517318,1.1,1.1
51.8468418316974,23.9852877551065,1.1,1.1
51.8384618998901,24.349344022823,1.1,1.1
51.8300673215468,24.7134005091444,1.1,1.1
51.8216577323256,25.0774573598076,1.1,1.1
51.8132324764117,25.4415145019441,1.1,1.1
51.8047910437266,25.8055719355539,1.1,1.1
51.7963328513237,26.1696297335055,1.1,1.1
51.7878574619928,26.5336878229304,1.1,1.1
51.7793642927873,26.8977462766969,1.1,1.1
51.7708528336288,27.2618050948052,1.1,1.1
51.7623224287023,27.6258643501235,1.1,1.1
51.7537726407977,27.9899238969152,1.1,1.1
51.7452029598367,28.3539838080486,1.1,1.1
51.7366128028725,28.718044156392,1.1,1.1
51.7280016598268,29.0821049419454,1.1,1.1
51.7193688748846,29.4461660918405,1.1,1.1
51.7107140837041,29.8102276789457,1.1,1.1
51.7020367033386,30.1742897032608,1.1,1.1
51.6933361508414,30.538352164786,1.1,1.1
51.6846141021844,30.9024149906529,1.1,1.1
51.6758736907061,31.2664783265982,1.1,1.1
51.667118486955,31.6305419540168,1.1,1.1
51.6583518428747,31.9946058729088,1.1,1.1
51.6495771832772,32.3586700832742,1.1,1.1
51.640798078711,32.7227345851129,1.1,1.1
51.6320178082515,33.0867993055566,1.1,1.1
51.6232398695787,33.450864171737,1.1,1.1
51.6144676146364,33.814929183654,1.1,1.1
51.6057046139731,34.1789942684394,1.1,1.1
51.5969542195323,34.5430594989615,1.1,1.1
51.5882198561261,34.9071247294836,1.1,1.1
51.5795049485662,35.2711899600057,1.1,1.1
51.5708129216647,35.6352551905277,1.1,1.1
51.5621472731017,35.9993202753131,1.1,1.1
51.5535113548209,36.3633853600986,1.1,1.1
51.5449086645025,36.7274502262789,1.1,1.1
51.5363426269584,37.0915149467226,1.1,1.1
51.5278165941322,37.4555794485613,1.1,1.1
51.5193340637041,37.8196436589267,1.1,1.1
51.5108984604862,38.183707650687,1.1,1.1
51.5025132092901,38.5477712781056,1.1,1.1
51.494181734928,38.9118346140509,1.1,1.1
51.4859074622116,39.2758975127861,1.1,1.1
51.4776938888213,39.6399599743114,1.1,1.1
51.4695443667007,40.0040219986266,1.1,1.1
51.4614623206616,40.3680835128634,1.1,1.1
51.4534512483843,40.7321445170218,1.1,1.1
51.4455145018123,41.0962049382335,1.1,1.1
51.437655578626,41.4602647764986,1.1,1.1
51.4298779036372,41.8243239589485,1.1,1.1
51.4221849016579,42.1883824855834,1.1,1.1
51.4145799246316,42.552440283535,1.1,1.1
51.4070665431069,42.9164972799348,1.1,1.1
51.3996481090274,43.2805536205196,1.1,1.1
51.392328047205,43.6446090866843,1.1,1.1
51.3851097824517,44.0086636784289,1.1,1.1
51.3779968124476,44.3727173957535,1.1,1.1
51.3709924891364,44.736770238658,1.1,1.1
51.3641003101983,45.1008220614058,1.1,1.1
51.3573236275768,45.4648729368652,1.1,1.1
51.3506659389523,45.8289227192995,1.1,1.1
51.3441306691367,46.192971481577,1.1,1.1
51.3377211700734,46.5570191508295,1.1,1.1
51.3314410123112,46.9210657270569,1.1,1.1
51.3252935477936,47.2851110645225,1.1,1.1
51.3192822013325,47.6491552360948,1.1,1.1
51.3134103977398,48.0131980960369,1.1,1.1
51.3076815618274,48.3772397900856,1.1,1.1
51.3020991912756,48.7412800996359,1.1,1.1
51.2965896161941,49.1053171301109,1.1,1.1
51.2908429275388,49.4693429388618,1.1,1.1
51.2845041107639,49.8333485630829,1.1,1.1
51.2772180055874,50.1973249671003,1.1,1.1
51.268629524595,50.5612629695032,1.1,1.1
51.2583834346361,50.9251536803543,1.1,1.1
51.2461246482968,51.288987918243,1.1,1.1
51.231498078163,51.6527567203636,1.1,1.1
51.2141485639525,52.0164511239106,1.1,1.1
51.1937210182511,52.3800618746048,1.1,1.1
51.1698602807766,52.7435801553774,1.1,1.1
51.1422111912467,53.1069967848176,1.1,1.1
51.1104188079839,53.4703019256997,1.1,1.1
51.0741387552202,53.8334138197479,1.1,1.1
51.0330453114819,54.1961236263037,1.1,1.1
50.9868147227407,54.5582098256177,1.1,1.1
50.9351232349682,54.9194506793357,1.1,1.1
50.8776471670042,55.2796244491032,1.1,1.1
50.8140626190837,55.6385096151709,1.1,1.1
50.7440459829151,55.9958842934478,1.1,1.1
50.6672734316015,56.3515270370528,1.1,1.1
50.5834212111146,56.7052160347633,1.1,1.1
50.4921654945576,57.0567296939616,1.1,1.1
50.3931826736388,57.4058462762933,1.1,1.1
50.2861488485932,57.7523441162723,1.1,1.1
50.1707989244048,58.0960189639458,1.1,1.1
50.0472019073904,58.4367653059592,1.1,1.1
49.9155452149169,58.7745126786292,1.1,1.1
49.7760163372194,59.1091908368774,1.1,1.1
49.6288029831382,59.4407293170203,1.1,1.1
49.4740927157768,59.7690578011113,1.1,1.1
49.3120730253705,60.0941058983351,1.1,1.1
49.1429316207595,60.4158033636135,1.1,1.1
48.9668559193106,60.7340796603946,1.1,1.1
48.7840336298642,61.0488645436,1.1,1.1
48.594652169787,61.3600876224147,1.1,1.1
48.3988993207877,61.6676785060236,1.1,1.1
48.1969625002331,61.9715668036115,1.1,1.1
47.9890293440952,62.2716822701,1.1,1.1
47.7752874154774,62.5679544418058,1.1,1.1
47.5559243503517,62.8603130007822,1.1,1.1
47.3311276389533,63.1486875562138,1.1,1.1
47.1010848443858,63.4330077172858,1.1,1.1
46.8659836754893,63.7132031660514,1.1,1.1
46.6260115496308,63.9892035845637,1.1,1.1
46.3813561027822,64.2609385091395,1.1,1.1
46.1322049709153,64.5283376218319,1.1,1.1
45.8787456442654,64.7913306046942,1.1,1.1
45.6211657588043,65.049846994043,1.1,1.1
45.3596528776356,65.3038165447998,1.1,1.1
45.0943830506654,65.5531677731245,1.1,1.1
44.8254034965772,65.7978186292678,1.1,1.1
44.55268047733,66.0376798495149,1.1,1.1
44.2761790161214,66.2726623158878,1.1,1.1
43.9958639175439,66.5026767646716,1.1,1.1
43.7117002047949,66.7276340778883,1.1,1.1
43.4236528282035,66.9474450646914,1.1,1.1
43.1316868109672,67.162020461366,1.1,1.1
42.8357671034152,67.3712710770659,1.1,1.1
42.5358585830083,67.5751077209444,1.1,1.1
42.2319262729438,67.7734411292869,1.1,1.1
41.9239351235511,67.9661822569835,1.1,1.1
41.6118500851591,68.1532417674512,1.1,1.1
41.2956592802287,68.3345048201883,1.1,1.1
40.9754868764089,68.5097059558373,1.1,1.1
40.6515065918189,68.678524699445,1.1,1.1
40.3238920717095,68.8406407946633,1.1,1.1
39.9928170342001,68.9957337665389,1.1,1.1
39.6584552702781,69.1434832129873,1.1,1.1
39.3209804251944,69.283568659055,1.1,1.1
38.9805662170684,69.415669848394,1.1,1.1
38.6373863640191,69.5394662331828,1.1,1.1
38.2916146570341,69.6546374113366,1.1,1.1
37.9434248142327,69.7608631265071,1.1,1.1
37.5929904079975,69.8578227580047,1.1,1.1
37.2404850835792,69.9452111332272,1.1,1.1
36.8860765838933,70.0231226166731,1.1,1.1
36.5299264580466,70.0920829534054,1.1,1.1
36.1721960365408,70.152639384647,1.1,1.1
35.8130465770089,70.2053392973574,1.1,1.1
35.4526394099529,70.2507299327596,1.1,1.1
35.091135793006,70.2893584592081,1.1,1.1
34.7286970566698,70.321772190794,1.1,1.1
34.3654843857093,70.3485184416087,1.1,1.1
34.0016591834946,70.3701443800067,1.1,1.1
33.6373826347906,70.3871973200792,1.1,1.1
33.2728160700989,70.400224503049,1.1,1.1
32.9081208199213,70.4097732430075,1.1,1.1
32.5434499806371,70.4163751144846,1.1,1.1
32.1788619197856,70.4203801769791,1.1,1.1
31.8143540869748,70.4220219006477,1.1,1.1
31.449923057393,70.4215318610706,1.1,1.1
31.0855653333598,70.4191414880912,1.1,1.1
30.7212774171949,70.4150823572895,1.1,1.1
30.3570556654815,70.4095858985089,1.1,1.1
29.992896726276,70.4028836873295,1.1,1.1
29.6287971018981,70.3952072264631,1.1,1.1
29.2647531489309,70.3867880914896,1.1,1.1
28.9007615154308,70.3778576393841,1.1,1.1
28.5368185579809,70.3686475185952,1.1,1.1
28.1729208517693,70.359388503151,1.1,1.1
27.8090637332222,70.3502394460298,1.1,1.1
27.4452407170577,70.341225195335,1.1,1.1
27.0814448807834,70.3323555882923,1.1,1.1
26.7176693747756,70.3236408264691,1.1,1.1
26.3539073494104,70.3150908199595,1.1,1.1
25.9901521008007,70.3067155517258,1.1,1.1
25.6263967064544,70.2985251504673,1.1,1.1
25.2626343167475,70.2905295262777,1.1,1.1
24.8988581549247,70.2827387349879,1.1,1.1
24.535061371362,70.2751628324288,1.1,1.1
24.1712371164357,70.2678117286942,1.1,1.1
23.8073785405219,70.2606955524832,1.1,1.1
23.4434789397334,70.2538242867582,1.1,1.1
23.0795313187098,70.2472079144817,1.1,1.1
22.7155289006956,70.2408564914843,1.1,1.1
22.3514649089353,70.2347800735969,1.1,1.1
21.987332493805,70.2289884980449,1.1,1.1
21.623124805681,70.223491966396,1.1,1.1
21.2588349949394,70.2183004616125,1.1,1.1
20.8944562119563,70.2134239666567,1.1,1.1
20.5299817528446,70.2088724644911,1.1,1.1
20.1654046222439,70.2046560109464,1.1,1.1
19.8007181162669,70.2007846618532,1.1,1.1
19.4359153124215,70.1972683273057,1.1,1.1
19.0709894339522,70.194117136003,1.1,1.1
18.7059557103418,70.1911937311268,1.1,1.1
18.3409035510418,70.1878651782878,1.1,1.1
17.9759380321963,70.1833945599781,1.1,1.1
17.6111642299497,70.1770445943475,1.1,1.1
17.2466870747095,70.1680783638878,1.1,1.1
16.8826117154883,70.1557586596174,1.1,1.1
16.5190431555621,70.1393484911597,1.1,1.1
16.1560864710752,70.1181107224015,1.1,1.1
15.7938466653034,70.0913082900977,1.1,1.1
15.4324288872593,70.0582041310035,1.1,1.1
15.0719379944822,70.0180611090056,1.1,1.1
14.7124792088531,69.9701422337274,1.1,1.1
14.3541586266728,69.9137555474255,1.1,1.1
13.9970958248852,69.848759029708,1.1,1.1
13.6414193432394,69.7753770421894,1.1,1.1
13.2872579400897,69.6938405046349,1.1,1.1
12.9347403737906,69.6043803368093,1.1,1.1
12.5839952569595,69.5072275313461,1.1,1.1
12.2351514208192,69.4026130080103,1.1,1.1
11.8883375508556,69.2907676865669,1.1,1.1
11.5436823325547,69.1719225596493,1.1,1.1
11.2013144514024,69.0463085470225,1.1,1.1
10.8613627386214,68.9141566413198,1.1,1.1
10.5239558796977,68.7756977623063,1.1,1.1
10.1892224143805,68.6311622468003,1.1,1.1
9.85727958782664,68.4807140485636,1.1,1.1
9.52822234748136,68.3243885816088,1.1,1.1
9.20214316326631,68.1622068320175,1.1,1.1
8.87913443223484,67.994189567266,1.1,1.1
8.55928855144029,67.8203576276994,1.1,1.1
8.24269813654102,67.6407318536622,1.1,1.1
7.92945551172205,67.4553331583679,1.1,1.1
7.61965321977338,67.2641823092929,1.1,1.1
7.31338358488003,67.0673002196503,1.1,1.1
7.01073914983202,66.864707729785,1.1,1.1
6.71181231168268,66.6564256800419,1.1,1.1
6.41669561322205,66.4424748378973,1.1,1.1
6.12548633368216,66.2228756064862,1.1,1.1
5.83842931068069,65.9976319206989,1.1,1.1
5.55593756196083,65.7667289882625,1.1,1.1
5.2784332138081,65.5301509967476,1.1,1.1
5.00633853824468,65.2878822794615,1.1,1.1
4.74007566155606,65.0399070239746,1.1,1.1
4.48006685576445,64.7862094907257,1.1,1.1
4.22659106087,64.5268223975991,1.1,1.1
3.97943076488199,64.2619470069457,1.1,1.1
3.73826075640524,63.9918210881546,1.1,1.1
3.50275589691294,63.7166822648778,1.1,1.1
3.27259097500991,63.4367683065043,1.1,1.1
3.04744070643262,63.1523169095545,1.1,1.1
2.82706637450385,62.8635432542323,1.1,1.1
2.61152940723301,62.5705840415409,1.1,1.1
2.40095703273932,62.2735587755557,1.1,1.1
2.19547626053694,61.9725869603519,1.1,1.1
1.99521402727173,61.6677881000048,1.1,1.1
1.80029748819453,61.3592819171948,1.1,1.1
1.61085365281952,61.0471877702605,1.1,1.1
1.4270095306609,60.7316253090139,1.1,1.1
1.24889220410116,60.4127140375302,1.1,1.1
1.0766286826545,60.0905735327532,1.1,1.1
0.910346048703424,59.765323298758,1.1,1.1
0.750171311762117,59.4370829124884,1.1,1.1
0.596231554213095,59.1059718780197,1.1,1.1
0.448653785570545,58.7721098451639,1.1,1.1
0.307565015348639,58.4356161722594,1.1,1.1
0.173092398798235,58.0966105819868,1.1,1.1
0.045362872565177,57.755212505553,1.1,1.1
-0.07549648096802,57.4115415927699,1.1,1.1
-0.18935857941884,57.0657172748444,1.1,1.1
-0.29609648614144,56.7178591287204,1.1,1.1
-0.395583118753303,56.3680867313413,1.1,1.1
-0.487691322003573,56.0165196596508,1.1,1.1
-0.572294232114739,55.6632774177243,1.1,1.1
-0.649264620967624,55.308479509637,1.1,1.1
-0.718475624784705,54.9522455123326,1.1,1.1
-0.779857581434294,54.5946941283346,1.1,1.1
-0.833714861966722,54.2359388136463,1.1,1.1
-0.880501217526443,53.8760908382206,1.1,1.1
-0.920670763599621,53.5152614720108,1.1,1.1
-0.954677542804061,53.1535619849697,1.1,1.1
-0.982975743494252,52.7911036470504,1.1,1.1
-1.00601940828802,52.427997728206,1.1,1.1
-1.02426272553985,52.0643555712578,1.1,1.1
-1.03815973786756,51.7002883732906,1.1,1.1
-1.04816463362565,51.3359074771257,1.1,1.1
-1.05473152830025,50.9713240798478,1.1,1.1
-1.0583144645092,50.6066495242784,1.1,1.1
-1.05936763060699,50.2419950803704,1.1,1.1
-1.05829588308286,49.8774492102869,1.1,1.1
-1.05532846573007,49.5130186907834,1.1,1.1
-1.05065512770231,49.1486923001358,1.1,1.1
-1.04446583675833,48.7844585251465,1.1,1.1
-1.03695041492016,48.4203061440915,1.1,1.1
-1.02829868420988,48.0562236437732,1.1,1.1
-1.01870053951785,47.6921998024674,1.1,1.1
-1.00834587573449,47.3282231798451,1.1,1.1
-0.997424442013503,46.9642824084453,1.1,1.1
-0.986126206113609,46.6003661208073,1.1,1.1
-0.974640990056874,46.2364629494703,1.1,1.1
-0.963158688733685,45.8725615998417,1.1,1.1
-0.951860598570468,45.5086510688025,1.1,1.1
-0.940817037513982,45.144727348594,1.1,1.1
-0.930020062915318,44.7807906578212,1.1,1.1
-0.919460056153786,44.4168417251675,1.1,1.1
-0.909127544345359,44.0528810607113,1.1,1.1
-0.899012908869339,43.6889091016626,1.1,1.1
-0.889106531105045,43.3249265767049,1.1,1.1
-0.879398865300113,42.960933923048,1.1,1.1
-0.869880438570516,42.5969317236389,1.1,1.1
-0.860541559427237,42.2329204885557,1.1,1.1
-0.851372754986249,41.8689008007452,1.1,1.1
-0.842364333758511,41.5048732431542,1.1,1.1
-0.833506895728361,41.140838325861,1.1,1.1
-0.824790749406752,40.7767966318123,1.1,1.1
-0.816206349041328,40.4127485982181,1.1,1.1
-0.807744148879742,40.0486949537619,1.1,1.1
-0.79939453030129,39.6846361356536,1.1,1.1
-0.791148020421959,39.32057272684,1.1,1.1
-0.782995000621052,38.9565052373994,1.1,1.1
-0.77492585227787,38.5924343231469,1.1,1.1
-0.76693102964006,38.2283604212925,1.1,1.1
-0.759001059823601,37.864284114783,1.1,1.1
-0.751126251339468,37.5002059136966,1.1,1.1
-0.743297131303634,37.1361264738485,1.1,1.1
-0.735504081095402,36.772046305317,1.1,1.1
-0.727737627830767,36.4079659181805,1.1,1.1
-0.719992306384324,36.0438856767807,1.1,1.1
-0.712267606677702,35.6798055082492,1.1,1.1
-0.704563091500873,35.3157254125861,1.1,1.1
-0.696878396512146,34.9516455355279,1.1,1.1
-0.6892133031065,34.5875656584698,1.1,1.1
-0.681567301205563,34.2234859271483,1.1,1.1
-0.673940245072671,33.8594063415635,1.1,1.1
-0.666331624629441,33.4953268288471,1.1,1.1
-0.658741148402522,33.131247388999,1.1,1.1
-0.651168597786893,32.7671680220192,1.1,1.1
-0.643613462704198,32.4030888007761,1.1,1.1
-0.636075451681067,32.0390096524014,1.1,1.1
-0.628554273244156,31.674930576895,1.1,1.1
-0.621049635920109,31.3108515742569,1.1,1.1
-0.61356102963055,30.9467726444871,1.1,1.1
-0.606088235770469,30.5826937875857,1.1,1.1
-0.598630962866512,30.2186150035527,1.1,1.1
-0.5911887008403,29.854536292388,1.1,1.1
-0.583761231086827,29.4904575812233,1.1,1.1
-0.576348262132736,29.1263790157952,1.1,1.1
-0.568949356767998,28.7623004503672,1.1,1.1
-0.561564150650916,28.3982220306758,1.1,1.1
-0.554192425176468,28.0341435381161,1.1,1.1
-0.54683374313464,27.6700651912931,1.1,1.1
-0.539487740183718,27.30598684447,1.1,1.1
-0.532154197718703,26.941908497647,1.1,1.1
-0.524832751397896,26.5778302965607,1.1,1.1
-0.517522964011261,26.213752022606,1.1,1.1
-0.51022454408545,25.8496738215196,1.1,1.1
-0.502937200147105,25.4855956204333,1.1,1.1
-0.495660494986192,25.1215174922153,1.1,1.1
-0.488394209997703,24.7574393639973,1.1,1.1
-0.481137907971605,24.3933612357792,1.1,1.1
-0.473891297434539,24.0292831804296,1.1,1.1
-0.466654014044807,23.6652051250799,1.1,1.1
-0.459425693460731,23.3011269968619,1.1,1.1
-0.452206117077283,22.9370489415122,1.1,1.1
-0.444994774816099,22.5729708861625,1.1,1.1
-0.437791448072159,22.2088928308129,1.1,1.1
-0.430595772503769,21.8448147025948,1.1,1.1
-0.423407456637588,21.4807366472452,1.1,1.1
-0.416225990395224,21.1166585190272,1.1,1.1
-0.40905122804002,20.7525804636775,1.1,1.1
-0.401882732361926,20.3885023354595,1.1,1.1
-0.394720211887607,20.0244242072415,1.1,1.1
-0.387563229407015,19.6603460061551,1.1,1.1
-0.380411566315141,19.2962678050688,1.1,1.1
-0.37326478540196,18.9321896039824,1.1,1.1
-0.366122595194106,18.5681113300277,1.1,1.1
-0.358984704218231,18.2040329832047,1.1,1.1
-0.351850675264298,17.83995470925,1.1,1.1
-0.34472021685896,17.4758762895587,1.1,1.1
-0.337592964660516,17.1117978698673,1.1,1.1
-0.330468627195617,16.7477193773076,1.1,1.1
-0.32334684012257,16.3836408847479,1.1,1.1
-0.316227239099685,16.0195622464515,1.1,1.1
-0.309109532653603,15.6554836081551,1.1,1.1
-0.301993356442625,15.2914048969904,1.1,1.1
-0.29487841899341,14.9273261129573,1.1,1.1
-0.287764283095914,14.5632473289243,1.1,1.1
-0.28065065727679,14.1991683991545,1.1,1.1
-0.273537177194343,13.8350893965165,1.1,1.1
-0.266423551375226,13.4710103210101,1.1,1.1
-0.259309488346066,13.1069311726353,1.1,1.1
-0.252194478028515,12.7428519513922,1.1,1.1
-0.24507837468588,12.3787725844124,1.1,1.1
-0.237960668239791,12.0146932174327,1.1,1.1
-0.230841140085241,11.6506137047162,1.1,1.1
-0.223719353012194,11.2865340462631,1.1,1.1
-0.216595088415638,10.92245438781,1.1,1.1
-0.209467909085537,10.5583745107519,1.1,1.1
-0.202337523548534,10.1942946336937,1.1,1.1
-0.195203567462944,9.8302146108989,1.1,1.1
-0.188065749355404,9.46613444236741,1.1,1.1
-0.180923632015886,9.10205420096758,1.1,1.1
-0.17377692397104,8.73797381383107,1.1,1.1
-0.16662533374751,8.37389328095789,1.1,1.1
-0.159468497003596,8.00981267521636,1.1,1.1
-0.152306049397613,7.64573185086983,1.1,1.1
-0.145137626587862,7.28165095365494,1.1,1.1
-0.137963009969328,6.91756991070339,1.1,1.1
-0.13078168946365,6.5534887948835,1.1,1.1
-0.123593446465797,6.18940746045859,1.1,1.1
-0.116397916634093,5.825325980297,1.1,1.1
-0.109194735626831,5.46124435439873,1.1,1.1
-0.101983611970661,5.0971625827638,1.1,1.1
-0.094764108455548,4.73308066539218,1.1,1.1
-0.087536006476486,4.36899860228388,1.1,1.1
-0.08029886882344,4.00491632057057,1.1,1.1
-0.073052476891388,3.64083389312058,1.1,1.1
-0.065796320601961,3.27675131993391,1.1,1.1
-0.058530181350151,2.91266860101057,1.1,1.1
-0.051253694794258,2.54858566348221,1.1,1.1
-0.043966569460927,2.18450258021718,1.1,1.1
-0.03666836814013,1.82041927834712,1.1,1.1
-0.029358726490174,1.45633583074039,1.1,1.1
-0.02203749877438,1.09225216452865,1.1,1.1
-0.01470417491438,0.728168279711891,1.1,1.1
-0.007358390568479,0.364084249158449,1.1,1.1
